Built,n,prop
3.4.0,280,0.49122807017543857
3.4.1,58,0.10175438596491228
3.4.2,70,0.12280701754385964
3.4.3,162,0.28421052631578947
